1234567,1,John Doe,2023-5-6,7,1
319237,2,ivan casas,2023-5-6,7,1
2345678,2,Jane Smith,2023-5-6,8,2
1234567,1,John Doeasd,2023-5-6,7,3
1234561,2,ivan casaasfafs,2023-5-6,7,5
2345678,2,Jane Smithasdafa,2023-5-6,8,7
3456789,3,NOOOOOO,2023-7-15,9,3
4567890,1,noooooo,2023-6-13,10,4
319237,2,ivan casas,2023-5-6,7,1
2345678,2,Jane Smith,2023-5-6,8,2
1234567,1,John Doeasd,2023-5-6,7,3
1234561,2,ivan casaasfafs,2023-5-6,7,5
2345678,2,Jane Smithasdafa,2023-5-6,8,7
3456789,3,NOOOOOO,2023-7-15,9,3
4567890,1,noooooo,2023-6-13,10,4
31923,1,Ivan Casas,2024-1-1510,10,4
31932,1,Karla Chavez,2024-12-112,12,6
31923,1,Ivan Casas,2025-1-127,7,1
31923,1,Ivan Casas,2026-1-178,8,2
31932,1,Karla Chavez,2028-1-1,10,4
31923,1,Ivan Casas,2023-7-1815,15,9
31932,1,Karla Chavez,2023-7-2022,22,16
31932,1,Karla Chavez,2024-6-6,21,15
31923,1,Ivan Casas,2023-11-222,22,16
31923,1,Ivan Casas,2027-1-1,22,16
31923,1,Ivan Casas,2023-8-1510,10,4
31932,1,Karla Chavez,2027-2-6,19,13
31923,1,Ivan Casas,2025-1-5,15,9
31923,1,Ivan Casas,2024-11-122,22,16
31923,1,Ivan Casas,2024-9-7,22,16
31932,1,Karla Chavez,2026-5-6,22,16
31923,1,Ivan Casas,2025-1-1522,22,16
31932,1,Karla Chavez,2027-12-19,9,3
